-- Tabela Linhas

INSERT INTO Line(id,code,name,color) VALUES (261,10,'Troncal - Via Rua São Paulo','#dfb500');
INSERT INTO Line(id,code,name,color) VALUES (280,12,'Troncal - Via Escola Agrícola','#dfb500');
INSERT INTO Line(id,code,name,color) VALUES (317,11,'Troncal - Via Rua 2 de Setembro','#dfb500');
INSERT INTO Line(id,code,name,color) VALUES (321,15,'Troncal - Via Ponte Tamarindo','#dfb500');

-- Tabela Viagens

INSERT INTO Trip(id,line_id,name,path) VALUES (622,317,'Terminal Aterro/ 2 de Setembro/ R. das Missões/ Terminal Fonte','nd_cDz~sjHFiCr@GLNApE|BLPNZrBb@?kEgVMiCTsBj@mArKqMtE_EdEwBxHi@zEcBjQkEth@gQrFqAvF_EhG}G|EoCdNsOfLeOr@iCHcDKyA{Qm_@w@iDcC_QI{BlAaNl@aCbAsBt@oAr@g@r@]dAIzRlDlAt@`A`BpBtGxA~AhQrIvF|HdE`DfBz@vN`Ej@^l@Jn@SzGK~RyBjAa@`EmD~ApBlIiIR@dFpH_@h@qEjEuDnBiFlB{HxAu@j@Qj@@xBrDxCn@e@XFvGjJ|C_C`ReQjIgLpAoChFePpAmFpAmMXc@fM}Mh@EvDhBd@?|@m@~@b@');
INSERT INTO Trip(id,line_id,name,path) VALUES (624,317,'Terminal Fonte/ R. das Missões/ 2 de Setembro/ Terminal Aterro','tojcDvrljHgDaBu@CcDsFqCYwDp@kCYyAmAeCLYLkHxL@`@bBdC@n@[~Bk@xAYdDg@xBoBjFcCrEwHfJ_@CuE_HFa@hCaCF_@{EyG}JzJpAxBMjB_F~EsAn@_Cb@aP`BiEJ_FW{EgAiH_CkEgCsAkAwF}HoOeHoB}Am@}@uAkFoAwBy@e@gTsD{AZgCrBiAnD}@tEoAhO\RTv@bC|Oz@tCbQr]Jt@GzDq@hCcUbYuEvEsEjCeGbH}DbDwAn@}EdAij@zQyLpCkH`C}Hl@cEvBcEhDwLzNeBhHxAdDXdCSx@s@d@IlEIL]GA_@');
INSERT INTO Trip(id,line_id,name,path) VALUES (70154,321,'Terminal Fortaleza/ Park Europeu/ Tamarindo/ Terminal Fonte','z`acDnqnjHkBy@Qm@g@L@Zr@l@vGdCb@VJn@r@x@dAL`@Z|@rGNPZW]iA@s@Te@j@[r\`@pBRd@X~@fBAjAXl@b@GJo@bAcAnASjUnGx^l]fB`ElFdHbAJtHoIlH@dDq@bDmAxAyAhAsCLLMMf@kAdDcFvAcAtKcFxEw@vGaEvDgAxBOhBiAfAmAh@@xGhJpBuAjSyRrIqLnHaT|@mDv@kIf@qDTc@bMcNx@MrEnBfAs@v@b@');
INSERT INTO Trip(id,line_id,name,path) VALUES (70156,321,'Terminal Fonte/ Tamarindo/ Park Europeu/ Terminal Fortaleza','dojcDlrljH{C{A}@MaCyEo@[_CK}Cj@eA@sBc@mAkAmCb@sHpLDf@pArBTjBaAjDWrCu@lDuDvIeKzMaGfFwDrBmE~A_JdBgBjCsFvC{HvGcHzD_Iv@qAlAwArDsEfIaInHw@VwADoBYaIiByDFmCh@aAGeA_@u[sZoBcCwDyA{ToGmCg@uX{@qMwAwEsBCkAW[oDqAo@FE^NNp@e@bDvAI\WK');
INSERT INTO Trip(id,line_id,name,path) VALUES (90053,261,'Terminal Aterro / Rua São Paulo / Terminal Fonte / Terminal Garcia','xe_cDv~sjHClAo@Ji@MPuExACRNIfEfCZV\NxAXLJIyEqVEaCj@oC~LqO`FaEjCuAvAYtDIhAS|DwAxR_Fxb@kNfAd@lEvJ~FvHdAbDh@n@XElGoEzf@{d@rLcGhA[~HaJ~DH|BM~B]xDyAhBqBjBkEdDcFx@q@hHkDjC_AdC[pAe@vGaEvDgAxBObE}C~A`BhEnGvCqB`RgQ~IgM~G}RlAqE~A}NxGeI~DcEf@MjEtBd@HjAk@pFhCOpA~JxElL@nAh@rF|IpCfHhOhSdNdWt@\nDVtAf@vJxFlD~@xGj@lS]hCi@xMeGtEuD|CmEj@wGlBaDz@o@nBc@z@A~@UP_@lGsA|OTfA`A^dAh@@~B_E');
INSERT INTO Trip(id,line_id,name,path) VALUES (90054,261,'Terminal Garcia / Terminal Fonte / Rua São Paulo / Terminal Aterro','~aqcDh`njHf@u@p@AAe@i@FeBrBgAZ}BPwPWkBV_LvC{@n@mB`Dg@nGgDzEkF~D}LtFiCh@mPZwB@aGk@eEoAsKcG_Fi@s@e@yMyVmOmScDkIiF_Is@]wK@oAWgIaESkAgGsCe@FoC{Ee@a@kCEuCf@yACyAYqAiAqCPsHdLDt@lArBRtAkAtEc@zEgCjHeChEwH|JsG|FiI~D}K~B{BzC}GzD}F|EsGpDcHv@{@\o@t@yH~NyIxH{BToLkCcAGyETkDeAq@PUj@Bb@j@|BWpA}EhEsRnNgHxMoH`IgClE{BdBg@Dc@O}FsH_FoLSA}a@jNaVbGkDpAkIl@uCbBsE|DiLnNmBrGARz@jAz@hEQrAy@b@Eh@');
INSERT INTO Trip(id,line_id,name,path) VALUES (90104,280,'Terminal Fonte/ Terminal Proeb/ Escola Agrícola/ Terminal Aterro','|mjcDzqljHkBcAy@GgCuEg@_@aCYgEl@{BQmBkAmCZuHvL|ApCNlB}@jDo@lFeCjHeChEiIpKiGnFaIxDmKvBiAdAI`BJj@vDxCZ_@^C|GtJ{B|CoEfIq@tBuCnOiBnGqBpD@j@sEjE[Sg@HgE`EWCsAsB]M_@Lm[j[qPxNF`@xE`BzJ|VuAzDCf@nBjLxAvC?t@[n@w@l@wQ@wJU{PbGuBHmLkCgLWaBWiEyAeLqCeGsAyAG]RCXl@`FB|DkAbG_A\y@GaIgCy@rAmAxH[l@o@`@sFl@yIcDoFoAq@@_FnB}AZ_F}JwBoGaAgBeJaG_G}Co@m@gBgDkAGe@XEl@');

-- Estava com problemas para inserir esses dados em específico na tabela, então utilizei o prepare statement para inserir os dados
PREPARE stmt FROM 'INSERT INTO Trip (id, line_id, name, path) VALUES (?, ?, ?, ?)';

SET @id = 90105;
SET @line_id = 280;
SET @name = 'Terminal Aterro/ Escola Agrícola/ Terminal Proeb/ Terminal Fonte';
SET @path = 've_cDn`tjHE^g@GPyE`AHGjElCb@f@vB^MAyA`@s@zFpCdJ`G`AfBvBnGlDjHPz@j@f@hGsClBOxObF\\z@qAzCEl@bAxDV@VGA]yA{B@eAxBsDtGcBl@cIf@yAv@Y~HjCx@At@m@`AgHWsHv@kAnCN`QfEhExA`BVfLVlLjCtBIhQeGhJV`RE~@cALcB{AaDkB_KFy@tAmDmK{WxBqAtEuDpFeFjJkJbCiFrGoFh@IjATjBSDu@o@w@?]~@}@rAOIcAxEmELVj@EFq@jAoCzBwHbCiNj@oBhEyHpCuD|U}T~IgM~G}RlAqEt@eIh@wDTc@bMeNx@KzE|BdA{@p@\\';

EXECUTE stmt USING @id, @line_id, @name, @path;
DEALLOCATE PREPARE stmt;

-- Tabela Paradas

INSERT INTO Stop(stop_id,trip_id,sequence,latitude,longitude,stop_name) VALUES (930557,622,1,'-26.87068139','-49.09565226','Terminal Aterro - 11 e 81 (sentido Fonte)');
INSERT INTO Stop(stop_id,trip_id,sequence,latitude,longitude,stop_name) VALUES (5997,622,2,'-26.87389992','-49.08863324','Rua Dois de Setembro, 4531');
INSERT INTO Stop(stop_id,trip_id,sequence,latitude,longitude,stop_name) VALUES (5998,622,3,'-26.87789400','-49.08690300','Rua Dois de Setembro, 3989-4099');
INSERT INTO Stop(stop_id,trip_id,sequence,latitude,longitude,stop_name) VALUES (6036,622,4,'-26.88122583','-49.08572754','Rua 2 de Setembro, 3649 -  antiga Glória');
INSERT INTO Stop(stop_id,trip_id,sequence,latitude,longitude,stop_name) VALUES (7594864,622,5,'-26.88356661','-49.08470869','Rua Dois de Setembro, 3363');
INSERT INTO Stop(stop_id,trip_id,sequence,latitude,longitude,stop_name) VALUES (6224,622,6,'-26.88858477','-49.08267087','Ponto Colégio João Widemann - Sentido Centro');
INSERT INTO Stop(stop_id,trip_id,sequence,latitude,longitude,stop_name) VALUES (6306,622,7,'-26.89411300','-49.07766200','Rua Dois de Setembro, 1937');
INSERT INTO Stop(stop_id,trip_id,sequence,latitude,longitude,stop_name) VALUES (6305,622,8,'-26.89582600','-49.07573900','Rua Dois de Setembro, 1649-1723');
INSERT INTO Stop(stop_id,trip_id,sequence,latitude,longitude,stop_name) VALUES (6308,622,9,'-26.89672200','-49.07084900','Rua Dois de Setembro - Rodoviária (Sentido Centro)');
INSERT INTO Stop(stop_id,trip_id,sequence,latitude,longitude,stop_name) VALUES (6307,622,10,'-26.89446100','-49.06702400','Rua Dois de Setembro, 627');
INSERT INTO Stop(stop_id,trip_id,sequence,latitude,longitude,stop_name) VALUES (6309,622,11,'-26.89365800','-49.06405000','Trevo Coca-Cola - Sentido Centro');
INSERT INTO Stop(stop_id,trip_id,sequence,latitude,longitude,stop_name) VALUES (6285,622,12,'-26.89422359','-49.05920692','Rua Dois de Setembro, 1-5');
INSERT INTO Stop(stop_id,trip_id,sequence,latitude,longitude,stop_name) VALUES (6248,622,13,'-26.89617600','-49.05842200','Rua das Missões, 1851-2093');
INSERT INTO Stop(stop_id,trip_id,sequence,latitude,longitude,stop_name) VALUES (6283,622,14,'-26.89952532','-49.06029500','Rua das Missões, 1752');
INSERT INTO Stop(stop_id,trip_id,sequence,latitude,longitude,stop_name) VALUES (6284,622,15,'-26.90241200','-49.06288200','Rua das Missões, 1381-1421');
INSERT INTO Stop(stop_id,trip_id,sequence,latitude,longitude,stop_name) VALUES (6287,622,16,'-26.90471807','-49.06520056','Rua das Missões, 931-1011');
INSERT INTO Stop(stop_id,trip_id,sequence,latitude,longitude,stop_name) VALUES (1659948,622,17,'-26.90745582','-49.06667574','Rua das Missões, 384');
INSERT INTO Stop(stop_id,trip_id,sequence,latitude,longitude,stop_name) VALUES (6444,622,18,'-26.91257425','-49.06677613','Planetapeia');
INSERT INTO Stop(stop_id,trip_id,sequence,latitude,longitude,stop_name) VALUES (6714196,622,19,'-26.91690817','-49.06492187','Rua Uruguai, 325');
INSERT INTO Stop(stop_id,trip_id,sequence,latitude,longitude,stop_name) VALUES (7012,622,20,'-26.91672068','-49.06741745','Estação Carlos Gomes');
INSERT INTO Stop(stop_id,trip_id,sequence,latitude,longitude,stop_name) VALUES (6468,622,21,'-26.91399735','-49.07036700','Avenida Presidente Castelo Branco - Prefeitura');
INSERT INTO Stop(stop_id,trip_id,sequence,latitude,longitude,stop_name) VALUES (6787,622,22,'-26.92070717','-49.06770105','Estação Catedral');
INSERT INTO Stop(stop_id,trip_id,sequence,latitude,longitude,stop_name) VALUES (6790,622,23,'-26.92311512','-49.06324895','Estação Floriano Peixoto');
INSERT INTO Stop(stop_id,trip_id,sequence,latitude,longitude,stop_name) VALUES (930586,622,24,'-26.92827339','-49.05743659','Terminal Fonte - Desembarque 1');
INSERT INTO Stop(stop_id,trip_id,sequence,latitude,longitude,stop_name) VALUES (3690791,624,1,'-26.92877187','-49.05789399','Terminal Fonte - Troncal 11');
INSERT INTO Stop(stop_id,trip_id,sequence,latitude,longitude,stop_name) VALUES (7037,624,2,'-26.92616617','-49.05598232','Hospital Santa Catarina');
INSERT INTO Stop(stop_id,trip_id,sequence,latitude,longitude,stop_name) VALUES (7008,624,3,'-26.92202161','-49.05752984','Alameda Duque de Caxias - Celesc');
INSERT INTO Stop(stop_id,trip_id,sequence,latitude,longitude,stop_name) VALUES (7010,624,4,'-26.92120340','-49.06232895','Estação Doutor Blumenau');
INSERT INTO Stop(stop_id,trip_id,sequence,latitude,longitude,stop_name) VALUES (6472,624,5,'-26.91827910','-49.06354910','Rua Peru, 121-123');
INSERT INTO Stop(stop_id,trip_id,sequence,latitude,longitude,stop_name) VALUES (6464,624,6,'-26.91563602','-49.06433117','Rua Bolívia - Senac');
INSERT INTO Stop(stop_id,trip_id,sequence,latitude,longitude,stop_name) VALUES (1659947,624,7,'-26.91218643','-49.06669075','Rua das Missões, 125');
INSERT INTO Stop(stop_id,trip_id,sequence,latitude,longitude,stop_name) VALUES (1659949,624,8,'-26.90707312','-49.06631096','Rua das Missões, 674');
INSERT INTO Stop(stop_id,trip_id,sequence,latitude,longitude,stop_name) VALUES (6455,624,9,'-26.90431600','-49.06444600','Rua das Missões, 1088');
INSERT INTO Stop(stop_id,trip_id,sequence,latitude,longitude,stop_name) VALUES (6294,624,10,'-26.90233800','-49.06259600','Rua das Missões, 1382-1400');
INSERT INTO Stop(stop_id,trip_id,sequence,latitude,longitude,stop_name) VALUES (6292,624,11,'-26.89918748','-49.05927831','Rua das Missões, 1806-1850');
INSERT INTO Stop(stop_id,trip_id,sequence,latitude,longitude,stop_name) VALUES (6290,624,12,'-26.89601208','-49.05821028','Rua das Missões, 2192');
INSERT INTO Stop(stop_id,trip_id,sequence,latitude,longitude,stop_name) VALUES (6716,624,13,'-26.89379484','-49.05986255','Rua Dois de Setembro, 8');
INSERT INTO Stop(stop_id,trip_id,sequence,latitude,longitude,stop_name) VALUES (6714,624,14,'-26.89342400','-49.06411593','Rua Dois de Setembro - Trevo Coca-Cola');
INSERT INTO Stop(stop_id,trip_id,sequence,latitude,longitude,stop_name) VALUES (6869,624,15,'-26.89426200','-49.06720700','Rua Dois de Setembro, 600-710');
INSERT INTO Stop(stop_id,trip_id,sequence,latitude,longitude,stop_name) VALUES (6703,624,16,'-26.89630700','-49.07061800','Rua Dois de Setembro - Próximo a Rodoviária');
INSERT INTO Stop(stop_id,trip_id,sequence,latitude,longitude,stop_name) VALUES (6699,624,17,'-26.89583000','-49.07543400','Rua Dois de Setembro, 1680');
INSERT INTO Stop(stop_id,trip_id,sequence,latitude,longitude,stop_name) VALUES (6708,624,18,'-26.89400700','-49.07749000','Rua Dois de Setembro, 1840-2000');
INSERT INTO Stop(stop_id,trip_id,sequence,latitude,longitude,stop_name) VALUES (6710,624,19,'-26.88967511','-49.08168410','Rua 24 de Maio, 47');
INSERT INTO Stop(stop_id,trip_id,sequence,latitude,longitude,stop_name) VALUES (30715,624,20,'-26.88809569','-49.08264627','Ponto João Widemann - Sentido Bairro');
INSERT INTO Stop(stop_id,trip_id,sequence,latitude,longitude,stop_name) VALUES (6689,624,21,'-26.88519678','-49.08388133','Rua Dois de Setembro, 3206');
INSERT INTO Stop(stop_id,trip_id,sequence,latitude,longitude,stop_name) VALUES (6262,624,22,'-26.88182894','-49.08538957','Rua 2 de Setembro, 3604 - antiga Glória');
INSERT INTO Stop(stop_id,trip_id,sequence,latitude,longitude,stop_name) VALUES (6263,624,23,'-26.87810339','-49.08668791','Rua Dois de Setembro, 4036');
INSERT INTO Stop(stop_id,trip_id,sequence,latitude,longitude,stop_name) VALUES (6225,624,24,'-26.87495071','-49.08761387','Rua Dois de Setembro, 4418');
INSERT INTO Stop(stop_id,trip_id,sequence,latitude,longitude,stop_name) VALUES (930561,624,25,'-26.87066569','-49.09591019','Terminal Aterro - Desembarque 2');
INSERT INTO Stop(stop_id,trip_id,sequence,latitude,longitude,stop_name) VALUES (16292996,70154,1,'-26.88027286','-49.06792342','Terminal Fortaleza - 15');
INSERT INTO Stop(stop_id,trip_id,sequence,latitude,longitude,stop_name) VALUES (1476415,70154,2,'-26.88442736','-49.06987157','Rua Fernando de Souza e Silva, 1481');
INSERT INTO Stop(stop_id,trip_id,sequence,latitude,longitude,stop_name) VALUES (169601,70154,3,'-26.88817140','-49.07004832','Ponto Shopping Park Europeu B/C');
INSERT INTO Stop(stop_id,trip_id,sequence,latitude,longitude,stop_name) VALUES (7398464,70154,4,'-26.89085445','-49.07099774','Via Expressa, 611');
INSERT INTO Stop(stop_id,trip_id,sequence,latitude,longitude,stop_name) VALUES (125034,70154,5,'-26.89947497','-49.07843023','Rua Iguaçu, 171');
INSERT INTO Stop(stop_id,trip_id,sequence,latitude,longitude,stop_name) VALUES (6897,70154,6,'-26.90458381','-49.07737617','Rua São Paulo - Furb');
INSERT INTO Stop(stop_id,trip_id,sequence,latitude,longitude,stop_name) VALUES (6893,70154,7,'-26.90646054','-49.07522783','Rua São Paulo - Senai');
INSERT INTO Stop(stop_id,trip_id,sequence,latitude,longitude,stop_name) VALUES (6906,70154,8,'-26.90833934','-49.07360635','Rua São Paulo - Sênior Sistemas');
INSERT INTO Stop(stop_id,trip_id,sequence,latitude,longitude,stop_name) VALUES (266156,70154,9,'-26.91156532','-49.07189634','Rua São Paulo, 451-515');
INSERT INTO Stop(stop_id,trip_id,sequence,latitude,longitude,stop_name) VALUES (6888,70154,10,'-26.91367515','-49.07110582','Rua São Paulo, 225');
INSERT INTO Stop(stop_id,trip_id,sequence,latitude,longitude,stop_name) VALUES (6787,70154,11,'-26.92070717','-49.06770105','Estação Catedral');
INSERT INTO Stop(stop_id,trip_id,sequence,latitude,longitude,stop_name) VALUES (6790,70154,12,'-26.92311512','-49.06324895','Estação Floriano Peixoto');
INSERT INTO Stop(stop_id,trip_id,sequence,latitude,longitude,stop_name) VALUES (930586,70154,13,'-26.92827339','-49.05743659','Terminal Fonte - Desembarque 1');
INSERT INTO Stop(stop_id,trip_id,sequence,latitude,longitude,stop_name) VALUES (930590,70156,1,'-26.92866797','-49.05783623','Terminal da Fonte - Troncal 15 / 17 / 607');
INSERT INTO Stop(stop_id,trip_id,sequence,latitude,longitude,stop_name) VALUES (7037,70156,2,'-26.92616617','-49.05598232','Hospital Santa Catarina');
INSERT INTO Stop(stop_id,trip_id,sequence,latitude,longitude,stop_name) VALUES (7008,70156,3,'-26.92202161','-49.05752984','Alameda Duque de Caxias - Celesc');
INSERT INTO Stop(stop_id,trip_id,sequence,latitude,longitude,stop_name) VALUES (7010,70156,4,'-26.92120340','-49.06232895','Estação Doutor Blumenau');
INSERT INTO Stop(stop_id,trip_id,sequence,latitude,longitude,stop_name) VALUES (7012,70156,5,'-26.91672068','-49.06741745','Estação Carlos Gomes');
INSERT INTO Stop(stop_id,trip_id,sequence,latitude,longitude,stop_name) VALUES (1659950,70156,6,'-26.91078041','-49.07112285','Avenida Martin Luther, 459');
INSERT INTO Stop(stop_id,trip_id,sequence,latitude,longitude,stop_name) VALUES (6261,70156,7,'-26.90686946','-49.07307216','Av. Martin Luther');
INSERT INTO Stop(stop_id,trip_id,sequence,latitude,longitude,stop_name) VALUES (6245,70156,8,'-26.90542572','-49.07556238','Avenida Martin Luther, 1094');
INSERT INTO Stop(stop_id,trip_id,sequence,latitude,longitude,stop_name) VALUES (125035,70156,9,'-26.90203811','-49.07700941','Avenida Martin Luther, 1602');
INSERT INTO Stop(stop_id,trip_id,sequence,latitude,longitude,stop_name) VALUES (7398463,70156,10,'-26.89299382','-49.07135023','Fort Atacadista - Sentido Fortaleza');
INSERT INTO Stop(stop_id,trip_id,sequence,latitude,longitude,stop_name) VALUES (169600,70156,11,'-26.88727183','-49.06947549','Shopping Park Europeu - Sentido Fortaleza');
INSERT INTO Stop(stop_id,trip_id,sequence,latitude,longitude,stop_name) VALUES (16292995,70156,12,'-26.88043075','-49.06799852','Terminal Fortaleza - Desembarque 1');
INSERT INTO Stop(stop_id,trip_id,sequence,latitude,longitude,stop_name) VALUES (973089,90053,1,'-26.87080326','-49.09565270','Terminal Aterro - 10');
INSERT INTO Stop(stop_id,trip_id,sequence,latitude,longitude,stop_name) VALUES (5997,90053,2,'-26.87389992','-49.08863324','Rua Dois de Setembro, 4531');
INSERT INTO Stop(stop_id,trip_id,sequence,latitude,longitude,stop_name) VALUES (5998,90053,3,'-26.87789400','-49.08690300','Rua Dois de Setembro, 3989-4099');
INSERT INTO Stop(stop_id,trip_id,sequence,latitude,longitude,stop_name) VALUES (6036,90053,4,'-26.88122583','-49.08572754','Rua 2 de Setembro, 3649 -  antiga Glória');
INSERT INTO Stop(stop_id,trip_id,sequence,latitude,longitude,stop_name) VALUES (7594864,90053,5,'-26.88356661','-49.08470869','Rua Dois de Setembro, 3363');
INSERT INTO Stop(stop_id,trip_id,sequence,latitude,longitude,stop_name) VALUES (6028,90053,6,'-26.88591448','-49.08372331','Rua Dois de Setembro, 3106');
INSERT INTO Stop(stop_id,trip_id,sequence,latitude,longitude,stop_name) VALUES (6049,90053,7,'-26.88894030','-49.08634556','Rua Santa Catarina, 106');
INSERT INTO Stop(stop_id,trip_id,sequence,latitude,longitude,stop_name) VALUES (6051,90053,8,'-26.89256773','-49.08597237','Rua Engenheiro Paul Werner - Esc. Machado de Assis');
INSERT INTO Stop(stop_id,trip_id,sequence,latitude,longitude,stop_name) VALUES (6058,90053,9,'-26.89510762','-49.08353833','Rua Engenheiro Paul Werner - Altona');
INSERT INTO Stop(stop_id,trip_id,sequence,latitude,longitude,stop_name) VALUES (6064,90053,10,'-26.89729562','-49.08144814','Rua Engenheiro Paul Werner, 653');
INSERT INTO Stop(stop_id,trip_id,sequence,latitude,longitude,stop_name) VALUES (6864,90053,11,'-26.90092381','-49.07896028','Rua Engenheiro Paul Werner - Cremer');
INSERT INTO Stop(stop_id,trip_id,sequence,latitude,longitude,stop_name) VALUES (6897,90053,12,'-26.90458381','-49.07737617','Rua São Paulo - Furb');
INSERT INTO Stop(stop_id,trip_id,sequence,latitude,longitude,stop_name) VALUES (6893,90053,13,'-26.90646054','-49.07522783','Rua São Paulo - Senai');
INSERT INTO Stop(stop_id,trip_id,sequence,latitude,longitude,stop_name) VALUES (6906,90053,14,'-26.90833934','-49.07360635','Rua São Paulo - Sênior Sistemas');
INSERT INTO Stop(stop_id,trip_id,sequence,latitude,longitude,stop_name) VALUES (266156,90053,15,'-26.91156532','-49.07189634','Rua São Paulo, 451-515');
INSERT INTO Stop(stop_id,trip_id,sequence,latitude,longitude,stop_name) VALUES (6888,90053,16,'-26.91367515','-49.07110582','Rua São Paulo, 225');
INSERT INTO Stop(stop_id,trip_id,sequence,latitude,longitude,stop_name) VALUES (6787,90053,17,'-26.92070717','-49.06770105','Estação Catedral');
INSERT INTO Stop(stop_id,trip_id,sequence,latitude,longitude,stop_name) VALUES (6790,90053,18,'-26.92311512','-49.06324895','Estação Floriano Peixoto');
INSERT INTO Stop(stop_id,trip_id,sequence,latitude,longitude,stop_name) VALUES (930586,90053,19,'-26.92827339','-49.05743659','Terminal Fonte - Desembarque 1');
INSERT INTO Stop(stop_id,trip_id,sequence,latitude,longitude,stop_name) VALUES (930585,90053,20,'-26.92843600','-49.05753046','Terminal da Fonte - Troncal 10 sentido Garcia /  Linhas do Trabalhador');
INSERT INTO Stop(stop_id,trip_id,sequence,latitude,longitude,stop_name) VALUES (6798,90053,21,'-26.93158261','-49.05962244','Rua Amazonas, 946-956');
INSERT INTO Stop(stop_id,trip_id,sequence,latitude,longitude,stop_name) VALUES (1588487,90053,22,'-26.93479988','-49.06147078','Rua Amazonas, 1400 - Magnus Park');
INSERT INTO Stop(stop_id,trip_id,sequence,latitude,longitude,stop_name) VALUES (6807,90053,23,'-26.93656862','-49.06421160','Rua Amazonas, 1778');
INSERT INTO Stop(stop_id,trip_id,sequence,latitude,longitude,stop_name) VALUES (6901,90053,24,'-26.93959210','-49.06849546','Rua Amazonas, 2429 - Millium Garcia');
INSERT INTO Stop(stop_id,trip_id,sequence,latitude,longitude,stop_name) VALUES (6902,90053,25,'-26.94409400','-49.07190600','Cooper Garcia - Sentido Bairro');
INSERT INTO Stop(stop_id,trip_id,sequence,latitude,longitude,stop_name) VALUES (20252499,90053,26,'-26.94708372','-49.07243896','23º Batalhão de Infantaria - Sentido Garcia');
INSERT INTO Stop(stop_id,trip_id,sequence,latitude,longitude,stop_name) VALUES (7004,90053,27,'-26.95257800','-49.07086200','Rua Amazonas, 3906');
INSERT INTO Stop(stop_id,trip_id,sequence,latitude,longitude,stop_name) VALUES (6976,90053,28,'-26.95477058','-49.06821154','Supermecardo Carol - Sentido Garcia');
INSERT INTO Stop(stop_id,trip_id,sequence,latitude,longitude,stop_name) VALUES (6978,90053,29,'-26.95677403','-49.06603638','Coteminas Artex');
INSERT INTO Stop(stop_id,trip_id,sequence,latitude,longitude,stop_name) VALUES (6980,90053,30,'-26.96224393','-49.06534619','Terminal Garcia - Desembarque 1');
INSERT INTO Stop(stop_id,trip_id,sequence,latitude,longitude,stop_name) VALUES (930613,90054,1,'-26.96240170','-49.06516403','Terminal Garcia - Troncal 10');
INSERT INTO Stop(stop_id,trip_id,sequence,latitude,longitude,stop_name) VALUES (6840,90054,2,'-26.95678231','-49.06584677','Coteminas Artex - Sentido Centro');
INSERT INTO Stop(stop_id,trip_id,sequence,latitude,longitude,stop_name) VALUES (6838,90054,3,'-26.95466838','-49.06802801','Supermecardo Carol - Sentido Centro');
INSERT INTO Stop(stop_id,trip_id,sequence,latitude,longitude,stop_name) VALUES (6831,90054,4,'-26.95204000','-49.07103121','Rua Amazonas, 3831-3877');
INSERT INTO Stop(stop_id,trip_id,sequence,latitude,longitude,stop_name) VALUES (6829,90054,5,'-26.94712165','-49.07231708','23º Batalhão de Infantaria - Sentido Centro');
INSERT INTO Stop(stop_id,trip_id,sequence,latitude,longitude,stop_name) VALUES (6823,90054,6,'-26.94486322','-49.07203318','Cooper Garcia - Sentido Centro');
INSERT INTO Stop(stop_id,trip_id,sequence,latitude,longitude,stop_name) VALUES (6825,90054,7,'-26.94237171','-49.07057442','Rua Amazonas, 2701-2729');
INSERT INTO Stop(stop_id,trip_id,sequence,latitude,longitude,stop_name) VALUES (7033,90054,8,'-26.93995568','-49.06876856','Rua Amazonas - Millium Garcia');
INSERT INTO Stop(stop_id,trip_id,sequence,latitude,longitude,stop_name) VALUES (7031,90054,9,'-26.93815591','-49.06598176','Rua Amazonas, 2021');
INSERT INTO Stop(stop_id,trip_id,sequence,latitude,longitude,stop_name) VALUES (6921,90054,10,'-26.93566379','-49.06286805','Rua Amazonas, 1618');
INSERT INTO Stop(stop_id,trip_id,sequence,latitude,longitude,stop_name) VALUES (6922,90054,11,'-26.93196083','-49.05952965','Rua Amazonas, 1065');
INSERT INTO Stop(stop_id,trip_id,sequence,latitude,longitude,stop_name) VALUES (1065887,90054,12,'-26.92885449','-49.05793548','Terminal Fonte - Troncal 10 sentido Aterro / Linhas  do Trabalhador');
INSERT INTO Stop(stop_id,trip_id,sequence,latitude,longitude,stop_name) VALUES (7037,90054,13,'-26.92616617','-49.05598232','Hospital Santa Catarina');
INSERT INTO Stop(stop_id,trip_id,sequence,latitude,longitude,stop_name) VALUES (7008,90054,14,'-26.92202161','-49.05752984','Alameda Duque de Caxias - Celesc');
INSERT INTO Stop(stop_id,trip_id,sequence,latitude,longitude,stop_name) VALUES (7010,90054,15,'-26.92120340','-49.06232895','Estação Doutor Blumenau');
INSERT INTO Stop(stop_id,trip_id,sequence,latitude,longitude,stop_name) VALUES (7012,90054,16,'-26.91672068','-49.06741745','Estação Carlos Gomes');
INSERT INTO Stop(stop_id,trip_id,sequence,latitude,longitude,stop_name) VALUES (1659950,90054,17,'-26.91078041','-49.07112285','Avenida Martin Luther, 459');
INSERT INTO Stop(stop_id,trip_id,sequence,latitude,longitude,stop_name) VALUES (6261,90054,18,'-26.90686946','-49.07307216','Av. Martin Luther');
INSERT INTO Stop(stop_id,trip_id,sequence,latitude,longitude,stop_name) VALUES (6245,90054,19,'-26.90542572','-49.07556238','Avenida Martin Luther, 1094');
INSERT INTO Stop(stop_id,trip_id,sequence,latitude,longitude,stop_name) VALUES (6264,90054,20,'-26.90066202','-49.07652270','Rua São Paulo, 1946');
INSERT INTO Stop(stop_id,trip_id,sequence,latitude,longitude,stop_name) VALUES (6259,90054,21,'-26.89754900','-49.07859200','Rua São Paulo, 2727-2793');
INSERT INTO Stop(stop_id,trip_id,sequence,latitude,longitude,stop_name) VALUES (6246,90054,22,'-26.89486800','-49.08070100','Rua São Paulo, 2335-2507');
INSERT INTO Stop(stop_id,trip_id,sequence,latitude,longitude,stop_name) VALUES (6247,90054,23,'-26.89131077','-49.08504843','Rua São Paulo, 3250');
INSERT INTO Stop(stop_id,trip_id,sequence,latitude,longitude,stop_name) VALUES (6689,90054,24,'-26.88519678','-49.08388133','Rua Dois de Setembro, 3206');
INSERT INTO Stop(stop_id,trip_id,sequence,latitude,longitude,stop_name) VALUES (6262,90054,25,'-26.88182894','-49.08538957','Rua 2 de Setembro, 3604 - antiga Glória');
INSERT INTO Stop(stop_id,trip_id,sequence,latitude,longitude,stop_name) VALUES (6263,90054,26,'-26.87810339','-49.08668791','Rua Dois de Setembro, 4036');
INSERT INTO Stop(stop_id,trip_id,sequence,latitude,longitude,stop_name) VALUES (6225,90054,27,'-26.87495071','-49.08761387','Rua Dois de Setembro, 4418');
INSERT INTO Stop(stop_id,trip_id,sequence,latitude,longitude,stop_name) VALUES (930562,90054,28,'-26.87083319','-49.09516588','Terminal Aterro - Desembarque 1');
INSERT INTO Stop(stop_id,trip_id,sequence,latitude,longitude,stop_name) VALUES (930594,90104,1,'-26.92850057','-49.05773699','Terminal da Fonte - Troncal 12');
INSERT INTO Stop(stop_id,trip_id,sequence,latitude,longitude,stop_name) VALUES (7037,90104,2,'-26.92616617','-49.05598232','Hospital Santa Catarina');
INSERT INTO Stop(stop_id,trip_id,sequence,latitude,longitude,stop_name) VALUES (7008,90104,3,'-26.92202161','-49.05752984','Alameda Duque de Caxias - Celesc');
INSERT INTO Stop(stop_id,trip_id,sequence,latitude,longitude,stop_name) VALUES (7010,90104,4,'-26.92120340','-49.06232895','Estação Doutor Blumenau');
INSERT INTO Stop(stop_id,trip_id,sequence,latitude,longitude,stop_name) VALUES (7012,90104,5,'-26.91672068','-49.06741745','Estação Carlos Gomes');
INSERT INTO Stop(stop_id,trip_id,sequence,latitude,longitude,stop_name) VALUES (6468,90104,6,'-26.91399735','-49.07036700','Avenida Presidente Castelo Branco - Prefeitura');
INSERT INTO Stop(stop_id,trip_id,sequence,latitude,longitude,stop_name) VALUES (6330,90104,7,'-26.91475904','-49.07387579','Rua Sete de Setembro, 2014-2070');
INSERT INTO Stop(stop_id,trip_id,sequence,latitude,longitude,stop_name) VALUES (930574,90104,8,'-26.91195337','-49.08068061','Terminal Proeb - 30 e 31 sentido Velha / 12 e 70 sentido Aterro');
INSERT INTO Stop(stop_id,trip_id,sequence,latitude,longitude,stop_name) VALUES (6198,90104,9,'-26.90845596','-49.08224182','Rua Joinville, 92');
INSERT INTO Stop(stop_id,trip_id,sequence,latitude,longitude,stop_name) VALUES (6200,90104,10,'-26.90744900','-49.08326500','Rua Joinville, 236-266');
INSERT INTO Stop(stop_id,trip_id,sequence,latitude,longitude,stop_name) VALUES (6194,90104,11,'-26.90445924','-49.08615182','Rua Joinville, 678');
INSERT INTO Stop(stop_id,trip_id,sequence,latitude,longitude,stop_name) VALUES (6196,90104,12,'-26.90238022','-49.08807307','Rua Joinville, 990');
INSERT INTO Stop(stop_id,trip_id,sequence,latitude,longitude,stop_name) VALUES (6189,90104,13,'-26.90332700','-49.09044200','Rua Almirante Barroso, 1232-1260');
INSERT INTO Stop(stop_id,trip_id,sequence,latitude,longitude,stop_name) VALUES (6192,90104,14,'-26.90400700','-49.09182300','Próximo a Cooper Vila Nova - Sentido Bairro');
INSERT INTO Stop(stop_id,trip_id,sequence,latitude,longitude,stop_name) VALUES (6174,90104,15,'-26.90448344','-49.09527568','Rua Benjamin Constant, 2385-2433');
INSERT INTO Stop(stop_id,trip_id,sequence,latitude,longitude,stop_name) VALUES (6180,90104,16,'-26.90402138','-49.09800545','Rua Benjamin Constant, 1961-2009');
INSERT INTO Stop(stop_id,trip_id,sequence,latitude,longitude,stop_name) VALUES (6275,90104,17,'-26.90116942','-49.09794019','Rua Benjamin Constant, 1651-1719');
INSERT INTO Stop(stop_id,trip_id,sequence,latitude,longitude,stop_name) VALUES (6304,90104,18,'-26.89814138','-49.09867591','Rua Benjamin Constant, 1299');
INSERT INTO Stop(stop_id,trip_id,sequence,latitude,longitude,stop_name) VALUES (6315,90104,19,'-26.89590600','-49.09903200','Rua Benjamin Constant, 1031-1067');
INSERT INTO Stop(stop_id,trip_id,sequence,latitude,longitude,stop_name) VALUES (6256,90104,20,'-26.89422369','-49.09846379','Ponto Cedup');
INSERT INTO Stop(stop_id,trip_id,sequence,latitude,longitude,stop_name) VALUES (6255,90104,21,'-26.89049200','-49.09774100','Rua Benjamin Constant, 331-411');
INSERT INTO Stop(stop_id,trip_id,sequence,latitude,longitude,stop_name) VALUES (6254,90104,22,'-26.88775000','-49.09681100','Rua Benjamin Constant, 53-229');
INSERT INTO Stop(stop_id,trip_id,sequence,latitude,longitude,stop_name) VALUES (6253,90104,23,'-26.88684698','-49.09805009','Rua Bahia, 1386');
INSERT INTO Stop(stop_id,trip_id,sequence,latitude,longitude,stop_name) VALUES (6235,90104,24,'-26.88385525','-49.10077522','Rua Bahia, 2056-2090');
INSERT INTO Stop(stop_id,trip_id,sequence,latitude,longitude,stop_name) VALUES (6236,90104,25,'-26.87864958','-49.10114863','Rua Pomerode, 250');
INSERT INTO Stop(stop_id,trip_id,sequence,latitude,longitude,stop_name) VALUES (6252,90104,26,'-26.87637900','-49.10004100','Rua Marechal Rondon, 214');
INSERT INTO Stop(stop_id,trip_id,sequence,latitude,longitude,stop_name) VALUES (6250,90104,27,'-26.87449800','-49.09742300','Rua Marechal Rondon, 416-540');
INSERT INTO Stop(stop_id,trip_id,sequence,latitude,longitude,stop_name) VALUES (930562,90104,28,'-26.87083319','-49.09516588','Terminal Aterro - Desembarque 1');
INSERT INTO Stop(stop_id,trip_id,sequence,latitude,longitude,stop_name) VALUES (672014,90105,1,'-26.87078409','-49.09593969','Terminal Aterro - 12 / 70 / 701');
INSERT INTO Stop(stop_id,trip_id,sequence,latitude,longitude,stop_name) VALUES (6696,90105,2,'-26.87467346','-49.09768964','Rua Marechal Rondon, 343-539');
INSERT INTO Stop(stop_id,trip_id,sequence,latitude,longitude,stop_name) VALUES (6693,90105,3,'-26.87617783','-49.09995587','Rua Marechal Rondon, 215');
INSERT INTO Stop(stop_id,trip_id,sequence,latitude,longitude,stop_name) VALUES (5757,90105,4,'-26.87847500','-49.10143800','Rua Pomerode, 293');
INSERT INTO Stop(stop_id,trip_id,sequence,latitude,longitude,stop_name) VALUES (522835,90105,5,'-26.88162207','-49.10343379','Ponto Jornal de Santa Catarina B/C');
INSERT INTO Stop(stop_id,trip_id,sequence,latitude,longitude,stop_name) VALUES (5761,90105,6,'-26.88209084','-49.10284871','Rua Bahia, 2386');
INSERT INTO Stop(stop_id,trip_id,sequence,latitude,longitude,stop_name) VALUES (5984,90105,7,'-26.88405584','-49.10055689','Rua Bahia, 1961');
INSERT INTO Stop(stop_id,trip_id,sequence,latitude,longitude,stop_name) VALUES (5988,90105,8,'-26.88705412','-49.09842995','Rua Bahia, 1353-1517');
INSERT INTO Stop(stop_id,trip_id,sequence,latitude,longitude,stop_name) VALUES (5992,90105,9,'-26.88809900','-49.09699000','Rua Benjamin Constant, 104');
INSERT INTO Stop(stop_id,trip_id,sequence,latitude,longitude,stop_name) VALUES (5956,90105,10,'-26.89047800','-49.09781700','Rua Benjamin Constant, 412');
INSERT INTO Stop(stop_id,trip_id,sequence,latitude,longitude,stop_name) VALUES (5957,90105,11,'-26.89296203','-49.09855401','Rua Benjamin Constant, 719');
INSERT INTO Stop(stop_id,trip_id,sequence,latitude,longitude,stop_name) VALUES (5955,90105,12,'-26.89559900','-49.09901300','Rua Benjamin Constant, 1013');
INSERT INTO Stop(stop_id,trip_id,sequence,latitude,longitude,stop_name) VALUES (5961,90105,13,'-26.89796359','-49.09889459','Rua Benjamin Constant, 1222-1320');
INSERT INTO Stop(stop_id,trip_id,sequence,latitude,longitude,stop_name) VALUES (5972,90105,14,'-26.90081095','-49.09799454','Rua Benjamin Constant, 1630');
INSERT INTO Stop(stop_id,trip_id,sequence,latitude,longitude,stop_name) VALUES (5968,90105,15,'-26.90385765','-49.09807714','Rua Benjamin Constant, 1864-1984');
INSERT INTO Stop(stop_id,trip_id,sequence,latitude,longitude,stop_name) VALUES (5952,90105,16,'-26.90447100','-49.09492700','Rua Benjamin Constant, 2450');
INSERT INTO Stop(stop_id,trip_id,sequence,latitude,longitude,stop_name) VALUES (5935,90105,17,'-26.90415100','-49.09186100','Próximo a Cooper Vila Nova - Sentido Centro');
INSERT INTO Stop(stop_id,trip_id,sequence,latitude,longitude,stop_name) VALUES (5948,90105,18,'-26.90339287','-49.08888160','Rua Theodoro Holtrup, 932');
INSERT INTO Stop(stop_id,trip_id,sequence,latitude,longitude,stop_name) VALUES (5950,90105,19,'-26.90541570','-49.08710041','Rua Theodoro Holtrup, 653');
INSERT INTO Stop(stop_id,trip_id,sequence,latitude,longitude,stop_name) VALUES (5938,90105,20,'-26.90761361','-49.08495564','Rua Theodoro Holtrup, 349');
INSERT INTO Stop(stop_id,trip_id,sequence,latitude,longitude,stop_name) VALUES (5944,90105,21,'-26.90878244','-49.08336287','Rua Theodoro Holtrup, 163');
INSERT INTO Stop(stop_id,trip_id,sequence,latitude,longitude,stop_name) VALUES (930567,90105,22,'-26.91154200','-49.08082813','Terminal Proeb - 12, 30 e 31 - Sentido Rua 7/ Fonte');
INSERT INTO Stop(stop_id,trip_id,sequence,latitude,longitude,stop_name) VALUES (5923,90105,23,'-26.91387793','-49.07667072','Rua Sete de Setembro, 2301-2327');
INSERT INTO Stop(stop_id,trip_id,sequence,latitude,longitude,stop_name) VALUES (5924,90105,24,'-26.91558259','-49.07306877','Rua Sete de Setembro, 1897');
INSERT INTO Stop(stop_id,trip_id,sequence,latitude,longitude,stop_name) VALUES (6787,90105,25,'-26.92070717','-49.06770105','Estação Catedral');
INSERT INTO Stop(stop_id,trip_id,sequence,latitude,longitude,stop_name) VALUES (6790,90105,26,'-26.92311512','-49.06324895','Estação Floriano Peixoto');
INSERT INTO Stop(stop_id,trip_id,sequence,latitude,longitude,stop_name) VALUES (930586,90105,27,'-26.92827339','-49.05743659','Terminal Fonte - Desembarque 1');